Wednesday  March 18  2020,18.857142857142858
Monday  December 24  2018,20.058823529411764
Thursday  October 18  2018,14.857142857142858
Monday  October 01  2018,18.0
Thursday  August 23  2018,18.805555555555557
Tuesday  August 21  2018,10.3125
Saturday  August 18  2018,20.6
Monday  June 11  2018,17.333333333333332
Thursday  May 17  2018,21.2972972972973
Monday  April 09  2018,11.0
Friday  March 16  2018,13.666666666666666
Wednesday  February 28  2018,14.277777777777779
Saturday  January 06  2018,10.2
Thursday  December 28  2017,14.916666666666666
Tuesday  December 19  2017,11.263157894736842
Monday  November 27  2017,15.555555555555555
Thursday  November 09  2017,14.142857142857142
Thursday  October 26  2017,7.0
Saturday  October 14  2017,29.846153846153847
Friday  September 29  2017,19.294117647058822
Wednesday  September 20  2017,23.6
Wednesday  September 06  2017,20.82857142857143
Saturday  August 05  2017,11.697368421052632
Friday  July 21  2017,17.53846153846154
Saturday  June 17  2017,16.166666666666668
Friday  June 09  2017,11.0
Thursday  May 18  2017,20.565217391304348
Thursday  April 06  2017,22.275862068965516
Monday  February 20  2017,20.75862068965517
Thursday  February 16  2017,12.222222222222221
Monday  February 13  2017,24.0
Wednesday  January 11  2017,16.181818181818183
Saturday  January 07  2017,20.333333333333332
Friday  December 30  2016,14.19047619047619
Thursday  December 29  2016,17.263157894736842
Tuesday  December 27  2016,16.5625
Thursday  December 08  2016,14.153846153846153
Tuesday  December 06  2016,15.444444444444445
Saturday  December 03  2016,17.0
Tuesday  November 29  2016,18.2
Monday  November 28  2016,20.285714285714285
Thursday  November 17  2016,17.6
Saturday  November 05  2016,6.4
Friday  November 04  2016,11.0
Monday  October 31  2016,11.2
Friday  October 07  2016,18.285714285714285
Friday  September 16  2016,13.92
Monday  August 29  2016,14.142857142857142
Wednesday  August 17  2016,24.571428571428573
Sunday  July 31  2016,20.625
Monday  July 18  2016,12.846153846153847
Tuesday  July 05  2016,11.88888888888889
Wednesday  June 29  2016,13.916666666666666
Tuesday  June 28  2016,17.857142857142858
Friday  May 20  2016,20.77777777777778
Wednesday  May 11  2016,17.5
Saturday  April 30  2016,22.1
Saturday  April 09  2016,20.73913043478261
Thursday  March 24  2016,16.214285714285715
Wednesday  January 06  2016,23.2
Wednesday  September 09  2015,17.1875
Sunday  September 06  2015,19.307692307692307
Tuesday  July 28  2015,12.875
Saturday  July 25  2015,22.97826086956522
Saturday  July 18  2015,14.0
Tuesday  July 14  2015,21.44
Tuesday  June 16  2015,15.217391304347826
Saturday  June 13  2015,16.444444444444443
Thursday  May 21  2015,14.826086956521738
Friday  May 15  2015,12.0
Tuesday  April 14  2015,15.526315789473685
Tuesday  March 31  2015,23.566666666666666
Tuesday  March 17  2015,17.047619047619047
Sunday  March 01  2015,22.075
Wednesday  February 11  2015,15.0625
Monday  February 09  2015,23.5
Saturday  January 24  2015,18.428571428571427
Thursday  January 15  2015,16.06451612903226
Monday  December 29  2014,24.571428571428573
Saturday  December 27  2014,11.5
Saturday  December 20  2014,11.5
Tuesday  November 25  2014,13.580645161290322
Thursday  November 20  2014,13.75
Sunday  November 16  2014,19.181818181818183
Wednesday  November 12  2014,15.1
Saturday  November 01  2014,13.5
Tuesday  October 28  2014,13.153846153846153
Monday  October 20  2014,12.5
Saturday  October 11  2014,13.030303030303031
Friday  September 26  2014,17.82608695652174
Friday  September 05  2014,14.722222222222221
Wednesday  August 27  2014,16.055555555555557
Friday  August 15  2014,17.125
Tuesday  August 05  2014,21.473684210526315
Saturday  July 26  2014,21.761904761904763
Thursday  July 03  2014,15.555555555555555
Wednesday  June 18  2014,12.615384615384615
Thursday  June 05  2014,17.058823529411764
Monday  May 19  2014,19.82857142857143
Wednesday  May 14  2014,9.0
Wednesday  May 14  2014,9.0
Saturday  May 10  2014,14.033333333333333
Monday  April 28  2014,13.954545454545455
Wednesday  April 23  2014,13.303030303030303
Tuesday  April 22  2014,10.5
Tuesday  April 22  2014,10.5
Monday  April 14  2014,14.0
Saturday  April 12  2014,13.357142857142858
Wednesday  March 26  2014,12.714285714285714
Monday  March 10  2014,10.5
Monday  March 03  2014,13.863636363636363
Thursday  February 27  2014,11.666666666666666
Saturday  February 22  2014,11.75
Friday  February 14  2014,16.387096774193548
Thursday  February 13  2014,11.625
Friday  February 07  2014,16.76
Thursday  January 30  2014,20.8
Saturday  January 18  2014,14.708333333333334
Friday  January 03  2014,9.5
Wednesday  January 01  2014,16.0
Monday  December 23  2013,9.84
Saturday  December 21  2013,28.551724137931036
Friday  December 20  2013,14.34375
Monday  December 16  2013,11.0
Friday  December 06  2013,15.944444444444445
Tuesday  November 26  2013,20.11111111111111
Monday  November 18  2013,22.428571428571427
Thursday  November 14  2013,13.5
Tuesday  November 12  2013,15.777777777777779
Monday  November 11  2013,15.791666666666666
Thursday  October 31  2013,15.73076923076923
Saturday  October 26  2013,12.428571428571429
Wednesday  October 09  2013,17.666666666666668
Sunday  September 29  2013,19.24
Wednesday  September 18  2013,17.636363636363637
Sunday  September 08  2013,16.272727272727273
Sunday  September 01  2013,6.6
Sunday  September 01  2013,6.6
Thursday  August 29  2013,18.095238095238095
Friday  August 23  2013,9.666666666666666
Sunday  August 18  2013,17.043478260869566
Tuesday  August 13  2013,16.363636363636363
Monday  August 12  2013,4.0
Thursday  August 08  2013,5.333333333333333
Sunday  August 04  2013,21.037037037037038
Saturday  August 03  2013,7.0
Thursday  July 18  2013,14.620689655172415
Saturday  July 13  2013,14.11111111111111
Thursday  July 11  2013,19.0
Wednesday  July 03  2013,18.055555555555557
Monday  July 01  2013,6.5
Monday  June 24  2013,7.75
Friday  June 21  2013,18.533333333333335
Wednesday  June 19  2013,10.0
Tuesday  June 18  2013,16.857142857142858
Monday  June 17  2013,6.75
Friday  June 14  2013,13.714285714285714
Thursday  June 13  2013,14.444444444444445
Thursday  June 06  2013,12.0
Tuesday  June 04  2013,22.541666666666668
Thursday  May 30  2013,22.14516129032258
Monday  May 20  2013,13.5
Sunday  May 19  2013,21.0
Thursday  May 16  2013,15.875
Sunday  May 12  2013,9.5
Sunday  May 12  2013,9.5
Thursday  May 09  2013,19.363636363636363
Sunday  May 05  2013,16.2
Sunday  April 21  2013,17.208333333333332
Thursday  April 18  2013,14.481481481481481
Monday  April 15  2013,20.13157894736842
Saturday  April 13  2013,26.833333333333332
Sunday  April 07  2013,10.0
Saturday  April 06  2013,16.5
Tuesday  April 02  2013,16.8
Thursday  March 28  2013,16.333333333333332
Friday  March 22  2013,5.666666666666667
Tuesday  March 19  2013,17.0
Thursday  March 14  2013,12.447368421052632
Monday  March 11  2013,10.0
Monday  March 04  2013,12.0
Friday  March 01  2013,14.083333333333334
Wednesday  February 27  2013,14.25
Sunday  February 24  2013,11.666666666666666
Friday  February 22  2013,13.025
Thursday  February 21  2013,7.0
Saturday  February 09  2013,11.5
Thursday  February 07  2013,12.5
Wednesday  February 06  2013,18.31578947368421
Sunday  January 20  2013,18.0
Wednesday  January 16  2013,14.510204081632653
Thursday  January 10  2013,16.545454545454547
Monday  December 24  2012,15.142857142857142
Tuesday  December 18  2012,7.333333333333333
Monday  December 17  2012,12.0
Saturday  December 08  2012,13.777777777777779
Wednesday  November 28  2012,15.75
Saturday  November 24  2012,7.666666666666667
Tuesday  November 20  2012,14.6
Monday  November 12  2012,14.233333333333333
Friday  November 09  2012,16.25
Monday  November 05  2012,7.5
Friday  November 02  2012,18.136363636363637
Monday  October 29  2012,10.76923076923077
Friday  October 19  2012,17.266666666666666
Tuesday  October 09  2012,12.727272727272727
Wednesday  October 03  2012,15.885714285714286
Friday  September 28  2012,16.5625
Wednesday  September 26  2012,13.3125
Friday  September 21  2012,15.217391304347826
Tuesday  September 18  2012,13.5
Sunday  September 16  2012,16.5
Sunday  September 09  2012,16.4375
Friday  September 07  2012,9.333333333333334
Friday  August 31  2012,14.0
Friday  August 24  2012,17.75
Sunday  August 19  2012,12.238095238095237
Thursday  August 09  2012,11.75
Wednesday  August 08  2012,11.8
Sunday  July 29  2012,16.5625
Sunday  July 22  2012,15.0
Saturday  July 21  2012,9.2
Tuesday  July 17  2012,19.675675675675677
Friday  July 13  2012,9.0
Thursday  July 12  2012,14.444444444444445
Wednesday  July 04  2012,17.5625
Tuesday  June 26  2012,15.958333333333334
Wednesday  June 20  2012,20.96
Sunday  June 17  2012,15.5
Saturday  June 16  2012,12.0
Thursday  June 14  2012,13.727272727272727
Wednesday  June 06  2012,16.8
Friday  June 01  2012,18.142857142857142
Thursday  May 31  2012,12.5
Sunday  May 27  2012,24.333333333333332
Monday  May 21  2012,21.77777777777778
Thursday  May 17  2012,13.565217391304348
Tuesday  May 15  2012,10.5
Sunday  May 13  2012,11.142857142857142
Friday  May 11  2012,14.0
Wednesday  May 09  2012,19.796296296296298
Monday  May 07  2012,5.5
Thursday  May 03  2012,14.266666666666667
Monday  April 30  2012,19.571428571428573
Monday  April 23  2012,17.36842105263158
Wednesday  April 18  2012,16.0
Tuesday  April 17  2012,12.333333333333334
Tuesday  April 17  2012,12.333333333333334
Sunday  April 15  2012,10.666666666666666
Friday  April 13  2012,17.153846153846153
Sunday  April 08  2012,10.0
Sunday  April 01  2012,4.0
Tuesday  March 27  2012,15.466666666666667
Saturday  March 24  2012,5.0
Wednesday  March 14  2012,16.933333333333334
Monday  March 12  2012,16.36842105263158
Saturday  March 10  2012,11.0
Thursday  March 08  2012,14.214285714285714
Monday  March 05  2012,6.333333333333333
Tuesday  February 28  2012,20.0
Monday  February 27  2012,23.89189189189189
Tuesday  February 14  2012,14.272727272727273
Saturday  February 11  2012,23.25
Friday  February 10  2012,16.25
Tuesday  January 31  2012,5.0
Saturday  January 28  2012,16.78787878787879
Monday  January 23  2012,10.5
Thursday  January 19  2012,9.166666666666666
Wednesday  January 18  2012,13.875
Friday  January 06  2012,19.22222222222222
Monday  January 02  2012,13.0
Friday  December 30  2011,20.25
Saturday  December 24  2011,12.555555555555555
Wednesday  December 14  2011,12.333333333333334
Tuesday  December 13  2011,10.0
Friday  December 09  2011,17.25
Wednesday  December 07  2011,6.0
Sunday  November 27  2011,10.0
Sunday  November 20  2011,9.25
Friday  November 18  2011,11.25
Tuesday  November 15  2011,17.5
Saturday  November 12  2011,23.235294117647058
Wednesday  November 09  2011,8.0
Tuesday  November 08  2011,9.0
Monday  October 31  2011,9.636363636363637
Thursday  October 27  2011,19.0
Tuesday  October 18  2011,25.88
Monday  October 17  2011,15.733333333333333
Friday  October 14  2011,19.235294117647058
Sunday  October 09  2011,16.428571428571427
Wednesday  October 05  2011,11.625
Tuesday  October 04  2011,13.125
Monday  October 03  2011,18.916666666666668
Monday  September 26  2011,11.875
Tuesday  September 20  2011,6.0
Tuesday  September 20  2011,6.0
Monday  September 19  2011,9.076923076923077
Thursday  September 15  2011,18.210526315789473
Sunday  September 11  2011,15.1
Tuesday  September 06  2011,7.5
Thursday  September 01  2011,17.058823529411764
Friday  August 26  2011,19.151515151515152
Wednesday  August 24  2011,10.666666666666666
Thursday  August 18  2011,19.095238095238095
Sunday  August 14  2011,5.75
Saturday  August 13  2011,14.0
Monday  August 08  2011,17.166666666666668
Thursday  August 04  2011,19.137931034482758
Tuesday  August 02  2011,9.0
Tuesday  August 02  2011,9.0
Thursday  July 28  2011,17.571428571428573
Monday  July 18  2011,8.166666666666666
Friday  July 15  2011,15.75
Wednesday  July 13  2011,12.25
Tuesday  July 12  2011,14.257142857142858
Monday  July 11  2011,20.0
Sunday  July 10  2011,15.5
Saturday  July 09  2011,18.473684210526315
Friday  July 08  2011,10.0
Sunday  July 03  2011,6.666666666666667
Saturday  July 02  2011,15.0
Sunday  June 26  2011,17.11111111111111
Thursday  June 23  2011,20.4
Wednesday  June 22  2011,18.05263157894737
Friday  June 17  2011,16.705882352941178
Sunday  June 12  2011,14.766666666666667
Saturday  June 11  2011,21.142857142857142
Wednesday  June 08  2011,14.181818181818182
Sunday  June 05  2011,18.75
Wednesday  June 01  2011,19.333333333333332
Monday  May 30  2011,8.666666666666666
Saturday  May 28  2011,11.25
Friday  May 27  2011,20.714285714285715
Saturday  May 21  2011,17.466666666666665
Thursday  May 19  2011,14.88888888888889
Tuesday  May 17  2011,15.25
Saturday  May 14  2011,25.4375
Friday  May 13  2011,14.333333333333334
Tuesday  May 10  2011,10.782608695652174
Tuesday  May 10  2011,10.782608695652174
Saturday  May 07  2011,16.94736842105263
Tuesday  May 03  2011,8.875
Monday  May 02  2011,11.076923076923077
Friday  April 29  2011,15.875
Tuesday  April 26  2011,17.944444444444443
Saturday  April 23  2011,16.384615384615383
Tuesday  April 19  2011,5.833333333333333
Monday  April 18  2011,17.956521739130434
Thursday  April 14  2011,21.454545454545453
Saturday  April 09  2011,15.357142857142858
Tuesday  April 05  2011,15.777777777777779
Monday  April 04  2011,20.285714285714285
Sunday  April 03  2011,11.928571428571429
Friday  April 01  2011,12.763157894736842
Monday  March 28  2011,11.5
Saturday  March 26  2011,11.08
Monday  March 21  2011,18.88235294117647
Thursday  March 17  2011,16.181818181818183
Monday  March 14  2011,22.0
Sunday  March 13  2011,16.333333333333332
Wednesday  March 09  2011,11.555555555555555
Tuesday  March 08  2011,6.0
Monday  March 07  2011,13.285714285714286
Thursday  March 03  2011,12.142857142857142
Monday  February 28  2011,16.923076923076923
Wednesday  February 23  2011,15.933333333333334
Monday  February 21  2011,19.9
Saturday  February 19  2011,16.4
Thursday  February 17  2011,11.0
Wednesday  February 16  2011,14.8
Tuesday  February 15  2011,14.235294117647058
Sunday  February 13  2011,18.166666666666668
Friday  February 11  2011,11.0
Tuesday  February 08  2011,21.058823529411764
Monday  February 07  2011,17.6
Friday  February 04  2011,21.166666666666668
Thursday  February 03  2011,16.765625
Tuesday  February 01  2011,17.285714285714285
Monday  January 31  2011,20.954545454545453
Monday  January 24  2011,19.88235294117647
Friday  January 21  2011,16.47826086956522
Thursday  January 20  2011,20.363636363636363
Tuesday  January 18  2011,12.526315789473685
Monday  January 17  2011,11.853658536585366
Wednesday  January 12  2011,10.25
Thursday  January 06  2011,14.2
Friday  December 31  2010,12.615384615384615
Tuesday  December 28  2010,28.5
Saturday  December 25  2010,8.666666666666666
Monday  December 20  2010,11.6
Thursday  December 16  2010,9.25
Wednesday  December 15  2010,14.958333333333334
Friday  December 10  2010,7.333333333333333
Wednesday  December 08  2010,13.0
Saturday  December 04  2010,16.5
Friday  December 03  2010,22.176470588235293
Tuesday  November 30  2010,5.0
Tuesday  November 30  2010,5.0
Friday  November 26  2010,20.0
Tuesday  November 23  2010,10.8
Wednesday  November 17  2010,13.0
Friday  November 12  2010,22.294117647058822
Tuesday  November 09  2010,11.875
Thursday  November 04  2010,23.523809523809526
Monday  November 01  2010,15.975
Monday  October 25  2010,19.666666666666668
Wednesday  October 20  2010,16.8
Sunday  October 17  2010,8.736842105263158
Wednesday  October 13  2010,16.833333333333332
Thursday  October 07  2010,16.0
Monday  October 04  2010,15.928571428571429
Thursday  September 30  2010,14.285714285714286
Wednesday  September 29  2010,11.5
Tuesday  September 28  2010,16.943396226415093
Friday  September 24  2010,17.842105263157894
Tuesday  September 21  2010,8.333333333333334
Saturday  September 18  2010,9.666666666666666
Tuesday  September 14  2010,22.545454545454547
Wednesday  September 08  2010,15.692307692307692
Sunday  September 05  2010,17.23076923076923
Tuesday  August 31  2010,22.68421052631579
Monday  August 30  2010,17.6875
Wednesday  August 25  2010,21.72222222222222
Wednesday  August 18  2010,16.571428571428573
Monday  August 16  2010,15.9
Friday  August 06  2010,20.210526315789473
Thursday  August 05  2010,14.307692307692308
Friday  July 30  2010,16.954545454545453
Saturday  July 24  2010,21.818181818181817
Friday  July 23  2010,15.357142857142858
Saturday  July 17  2010,15.0
Friday  July 16  2010,11.5
Thursday  July 15  2010,16.318181818181817
Tuesday  July 13  2010,6.933333333333334
Saturday  July 10  2010,24.23076923076923
Tuesday  July 06  2010,13.0
Monday  July 05  2010,26.785714285714285
Wednesday  June 30  2010,15.266666666666667
Monday  June 28  2010,14.181818181818182
Thursday  June 24  2010,17.48148148148148
Monday  June 21  2010,11.5
Sunday  June 20  2010,9.25
Monday  June 14  2010,17.785714285714285
Saturday  June 12  2010,17.6
Tuesday  June 01  2010,13.428571428571429
Friday  May 28  2010,15.666666666666666
Tuesday  May 25  2010,19.23076923076923
Sunday  May 23  2010,18.076923076923077
Friday  May 21  2010,9.0
Wednesday  May 19  2010,8.666666666666666
Tuesday  May 18  2010,20.033333333333335
Thursday  May 13  2010,20.9
Friday  May 07  2010,13.666666666666666
Thursday  May 06  2010,18.6
Wednesday  May 05  2010,54.0
Sunday  May 02  2010,15.0
Sunday  April 25  2010,11.636363636363637
Saturday  April 24  2010,15.5
Thursday  April 22  2010,16.666666666666668
Thursday  April 22  2010,16.666666666666668
Monday  April 19  2010,17.137931034482758
Wednesday  April 14  2010,20.142857142857142
Friday  April 09  2010,13.25
Monday  April 05  2010,16.61111111111111
Sunday  April 04  2010,16.555555555555557
Saturday  April 03  2010,14.833333333333334
Wednesday  March 31  2010,16.833333333333332
Tuesday  March 30  2010,17.857142857142858
Saturday  March 27  2010,13.733333333333333
Saturday  March 20  2010,16.333333333333332
Tuesday  March 16  2010,17.3
Sunday  March 14  2010,10.5
Wednesday  March 10  2010,14.777777777777779
Thursday  March 04  2010,13.2
Tuesday  March 02  2010,14.333333333333334
Tuesday  February 23  2010,17.0
Monday  February 08  2010,11.1
Friday  January 29  2010,9.666666666666666
Tuesday  January 26  2010,9.125
Wednesday  January 20  2010,18.384615384615383
Tuesday  January 12  2010,16.25
Saturday  January 02  2010,22.375
Tuesday  December 29  2009,12.823529411764707
Friday  December 18  2009,12.75
Monday  December 14  2009,17.066666666666666
Monday  December 07  2009,13.157894736842104
Wednesday  November 25  2009,10.2
Wednesday  November 18  2009,15.91304347826087
Thursday  November 12  2009,17.228571428571428
Sunday  November 08  2009,14.857142857142858
Saturday  November 07  2009,20.692307692307693
Wednesday  October 28  2009,18.833333333333332
Sunday  October 18  2009,19.0
Tuesday  October 13  2009,15.555555555555555
Saturday  October 10  2009,21.19047619047619
Wednesday  October 07  2009,16.846153846153847
Tuesday  September 29  2009,15.133333333333333
Tuesday  September 22  2009,19.11111111111111
Wednesday  September 16  2009,15.5
Tuesday  September 08  2009,12.5
Tuesday  September 01  2009,14.75
Thursday  August 20  2009,19.428571428571427
Friday  August 14  2009,14.1
Sunday  August 09  2009,18.627450980392158
Sunday  August 02  2009,17.4
Friday  July 31  2009,12.416666666666666
Tuesday  July 28  2009,14.6875
Thursday  July 23  2009,15.75
Tuesday  July 21  2009,14.9
Friday  July 17  2009,13.214285714285714
Wednesday  July 15  2009,8.833333333333334
Tuesday  July 14  2009,18.666666666666668
Thursday  July 09  2009,16.933333333333334
Saturday  July 04  2009,17.333333333333332
Wednesday  July 01  2009,15.545454545454545
Sunday  June 28  2009,13.708333333333334
Thursday  June 18  2009,16.473684210526315
Thursday  June 04  2009,19.714285714285715
Monday  June 01  2009,4.0
Monday  May 25  2009,2.0
Friday  May 22  2009,15.727272727272727
Wednesday  May 20  2009,22.076923076923077
Monday  May 18  2009,13.64516129032258
Sunday  May 17  2009,17.1875
Tuesday  May 12  2009,10.571428571428571
Sunday  May 03  2009,46.5
Thursday  April 30  2009,59.0
Wednesday  April 22  2009,16.857142857142858
Monday  April 20  2009,16.1
Tuesday  April 07  2009,17.772727272727273
Thursday  April 02  2009,13.791666666666666
Thursday  March 26  2009,10.933333333333334
Wednesday  March 18  2009,10.714285714285714
Sunday  March 08  2009,15.0
Wednesday  March 04  2009,12.35
Wednesday  February 25  2009,18.11111111111111
Sunday  February 15  2009,7.666666666666667
Wednesday  February 04  2009,6.0
Wednesday  January 28  2009,14.571428571428571
Monday  January 12  2009,14.666666666666666
Thursday  January 01  2009,11.5
Tuesday  December 30  2008,12.666666666666666
Saturday  December 20  2008,15.285714285714286
Thursday  December 04  2008,16.0625
Tuesday  December 02  2008,12.25
Tuesday  November 25  2008,11.75
Tuesday  November 11  2008,15.2
Friday  November 07  2008,11.5
Monday  November 03  2008,19.133333333333333
Friday  October 24  2008,13.470588235294118
Tuesday  October 14  2008,15.466666666666667
Tuesday  October 07  2008,15.944444444444445
Friday  September 26  2008,18.0
Tuesday  September 16  2008,19.90909090909091
Wednesday  September 10  2008,17.666666666666668
Sunday  August 31  2008,17.69047619047619
Monday  August 25  2008,16.0
Wednesday  August 13  2008,155.0
Thursday  August 07  2008,93.0
Wednesday  August 06  2008,17.0
Wednesday  July 23  2008,17.357142857142858
Monday  July 21  2008,20.642857142857142
Monday  July 14  2008,12.25
Wednesday  July 09  2008,17.214285714285715
Saturday  July 05  2008,21.6875
Friday  June 27  2008,11.181818181818182
Friday  June 20  2008,23.0
Monday  June 16  2008,13.76923076923077
Friday  June 13  2008,16.23076923076923
Friday  June 06  2008,17.5
Monday  June 02  2008,14.9
Wednesday  May 28  2008,26.285714285714285
Thursday  May 22  2008,25.363636363636363
Thursday  May 15  2008,9.8
Friday  May 09  2008,13.777777777777779
Friday  May 02  2008,16.032258064516128
Tuesday  April 29  2008,15.875
Tuesday  April 22  2008,21.3
Monday  April 14  2008,13.76923076923077
Wednesday  April 09  2008,16.875
Tuesday  April 01  2008,15.0625
Wednesday  March 26  2008,16.1875
Tuesday  March 18  2008,9.285714285714286
Monday  February 25  2008,18.272727272727273
Monday  February 18  2008,14.357142857142858
Monday  January 14  2008,18.96153846153846
Monday  January 07  2008,14.363636363636363
Tuesday  October 09  2007,25.0
Saturday  September 29  2007,23.333333333333332
Tuesday  August 14  2007,23.363636363636363
Monday  July 23  2007,13.789473684210526
Monday  July 16  2007,64.5
Sunday  July 15  2007,22.0
Wednesday  June 13  2007,12.25
Wednesday  June 06  2007,25.785714285714285
Friday  June 01  2007,12.944444444444445
Thursday  May 31  2007,17.64
Wednesday  May 30  2007,15.076923076923077
Wednesday  May 23  2007,17.5
Friday  May 18  2007,22.666666666666668
Monday  May 14  2007,18.5
Friday  May 04  2007,14.090909090909092
Wednesday  May 02  2007,22.333333333333332
Tuesday  April 24  2007,16.22222222222222
Saturday  April 21  2007,19.25
Tuesday  April 03  2007,15.0
Tuesday  March 20  2007,16.363636363636363
Wednesday  March 14  2007,12.0
Tuesday  March 13  2007,11.121212121212121
Thursday  March 08  2007,14.758620689655173
Monday  March 05  2007,11.928571428571429
Thursday  March 01  2007,20.0
Wednesday  February 21  2007,18.166666666666668
Thursday  February 08  2007,13.0
Wednesday  February 07  2007,15.366666666666667
Tuesday  February 06  2007,15.9
Monday  February 05  2007,15.783783783783784
Saturday  February 03  2007,17.0
Monday  January 29  2007,12.307692307692308
Friday  January 26  2007,4.0
Wednesday  January 24  2007,19.890625
Friday  January 19  2007,17.25
Tuesday  January 16  2007,21.0
Monday  January 15  2007,22.714285714285715
Saturday  January 13  2007,15.133333333333333
Tuesday  January 09  2007,18.5
Saturday  January 06  2007,11.357142857142858
Friday  January 05  2007,17.333333333333332
Tuesday  January 02  2007,18.485714285714284
Monday  January 01  2007,17.727272727272727
Sunday  December 31  2006,12.666666666666666
Saturday  December 30  2006,12.192307692307692
Friday  December 29  2006,17.555555555555557
Wednesday  December 27  2006,12.3
Monday  December 25  2006,39.5
Sunday  December 24  2006,17.28125
Saturday  December 23  2006,20.61904761904762
Friday  December 22  2006,16.5
Thursday  December 21  2006,14.071428571428571
Wednesday  December 20  2006,12.591836734693878
Wednesday  December 20  2006,12.591836734693878
Tuesday  December 19  2006,14.9
Sunday  December 17  2006,20.166666666666668
Friday  December 15  2006,11.875
Thursday  December 14  2006,12.5
Wednesday  December 13  2006,6.0
Tuesday  December 12  2006,8.432692307692308
Monday  December 11  2006,10.875
Sunday  December 10  2006,12.75
Friday  December 08  2006,17.75
Thursday  December 07  2006,14.76923076923077
Wednesday  December 06  2006,12.11111111111111
Monday  December 04  2006,11.333333333333334
Sunday  December 03  2006,22.0
Saturday  December 02  2006,12.75
Monday  September 25  2006,19.09090909090909
Thursday  May 02  2019,6.0
Monday  August 13  2018,14.857142857142858
Friday  July 06  2018,13.5
Monday  May 21  2018,13.38888888888889
Wednesday  April 18  2018,16.333333333333332
Sunday  April 01  2018,11.214285714285714
Monday  January 22  2018,14.0
Monday  October 30  2017,16.36842105263158
Saturday  June 17  2017,16.166666666666668
Wednesday  May 31  2017,20.235294117647058
Sunday  May 28  2017,19.357142857142858
Wednesday  May 10  2017,16.904761904761905
Saturday  April 29  2017,17.318181818181817
Saturday  April 15  2017,17.25925925925926
Friday  February 10  2017,13.666666666666666
Monday  December 26  2016,29.0
Tuesday  December 20  2016,20.666666666666668
Tuesday  November 29  2016,18.2
Sunday  November 06  2016,8.25
Tuesday  November 01  2016,14.095238095238095
Friday  August 26  2016,26.076923076923077
Thursday  May 26  2016,13.931034482758621
Tuesday  April 12  2016,17.6
Saturday  April 09  2016,20.73913043478261
Monday  January 04  2016,14.73076923076923
Friday  November 20  2015,13.392857142857142
Thursday  October 08  2015,12.8
Wednesday  August 19  2015,13.3125
Monday  July 06  2015,13.192307692307692
Saturday  May 16  2015,15.8125
Sunday  April 12  2015,18.15
Sunday  March 22  2015,25.545454545454547
Monday  February 23  2015,9.0
Wednesday  February 18  2015,15.294117647058824
Tuesday  February 10  2015,16.46875
Friday  January 23  2015,15.458333333333334
Saturday  January 03  2015,16.5
Sunday  December 14  2014,14.26923076923077
Monday  November 17  2014,20.689655172413794
Saturday  October 25  2014,16.0
Tuesday  September 30  2014,13.5
Sunday  September 28  2014,18.36842105263158
Monday  September 22  2014,15.0
Sunday  August 24  2014,12.0
Monday  August 18  2014,9.5
Wednesday  August 13  2014,14.333333333333334
Saturday  August 09  2014,17.583333333333332
Thursday  July 31  2014,7.0
Wednesday  July 30  2014,15.1
Saturday  June 21  2014,19.866666666666667
Sunday  May 25  2014,43.0
Wednesday  May 07  2014,16.583333333333332
Tuesday  April 29  2014,13.80952380952381
Friday  April 11  2014,18.565217391304348
Monday  March 24  2014,14.7
Friday  March 07  2014,12.333333333333334
Wednesday  March 05  2014,25.2
Friday  February 21  2014,12.678571428571429
Sunday  February 02  2014,11.727272727272727
Wednesday  January 29  2014,15.717948717948717
Tuesday  January 14  2014,11.75
Monday  January 06  2014,15.05
Wednesday  January 01  2014,16.0
Saturday  December 07  2013,21.166666666666668
Wednesday  November 27  2013,21.444444444444443
Tuesday  November 12  2013,15.777777777777779
Thursday  November 07  2013,20.1
Wednesday  November 06  2013,14.285714285714286
Wednesday  October 30  2013,19.8125
Wednesday  October 30  2013,19.8125
Saturday  October 26  2013,12.428571428571429
Monday  October 21  2013,16.055555555555557
Sunday  October 13  2013,18.5
Saturday  October 05  2013,15.777777777777779
Tuesday  September 24  2013,15.35
Monday  September 02  2013,11.571428571428571
Friday  August 16  2013,11.571428571428571
Monday  August 12  2013,4.0
Thursday  August 08  2013,5.333333333333333
Tuesday  August 06  2013,13.0
Saturday  July 27  2013,18.867924528301888
Wednesday  July 17  2013,13.76923076923077
Saturday  July 13  2013,14.11111111111111
Tuesday  July 09  2013,7.333333333333333
Friday  July 05  2013,14.0
Sunday  June 30  2013,17.0
Saturday  June 22  2013,10.117647058823529
Saturday  June 22  2013,10.117647058823529
Sunday  June 16  2013,18.636363636363637
Friday  June 14  2013,13.714285714285714
Sunday  June 09  2013,19.5
Wednesday  June 05  2013,10.833333333333334
Friday  May 31  2013,26.25
Monday  May 27  2013,17.666666666666668
Thursday  May 16  2013,15.875
Sunday  May 12  2013,9.5
Saturday  May 11  2013,12.5
Thursday  May 09  2013,19.363636363636363
Tuesday  May 07  2013,33.421052631578945
Friday  May 03  2013,15.652173913043478
Friday  April 26  2013,12.0
Tuesday  April 16  2013,10.846153846153847
Sunday  March 31  2013,14.568181818181818
Sunday  March 03  2013,14.375
Monday  February 25  2013,15.0
Friday  February 22  2013,13.025
Saturday  February 02  2013,17.142857142857142
Monday  January 21  2013,16.939393939393938
Wednesday  January 16  2013,14.510204081632653
Thursday  January 03  2013,21.666666666666668
Friday  December 21  2012,17.7
Thursday  December 13  2012,13.4
Wednesday  November 21  2012,15.125
Friday  November 09  2012,16.25
Monday  October 22  2012,15.5
Sunday  October 14  2012,14.818181818181818
Tuesday  October 09  2012,12.727272727272727
Friday  October 05  2012,13.833333333333334
Sunday  September 30  2012,15.333333333333334
Thursday  September 20  2012,11.6
Thursday  August 23  2012,16.0
Thursday  August 16  2012,15.4
Wednesday  August 08  2012,11.8
Saturday  July 21  2012,9.2
Monday  July 02  2012,16.8
Monday  June 18  2012,24.125
Tuesday  June 12  2012,50.5
Monday  June 11  2012,11.0
Friday  May 18  2012,17.2
Saturday  April 28  2012,13.5
Wednesday  April 25  2012,21.333333333333332
Tuesday  April 24  2012,15.241379310344827
Wednesday  April 18  2012,16.0
Monday  April 09  2012,15.68
Saturday  March 31  2012,16.647058823529413
Friday  March 30  2012,10.25
Friday  March 09  2012,15.5
Thursday  March 08  2012,14.214285714285714
Sunday  March 04  2012,13.545454545454545
Thursday  February 23  2012,10.25
Friday  February 17  2012,16.25
Tuesday  February 14  2012,14.272727272727273
Wednesday  February 08  2012,5.5
Thursday  February 02  2012,10.454545454545455
Thursday  January 19  2012,9.166666666666666
Thursday  January 19  2012,9.166666666666666
Thursday  January 12  2012,12.789473684210526
Tuesday  January 10  2012,17.5
Tuesday  January 03  2012,11.0
Sunday  January 01  2012,18.525
Sunday  December 25  2011,16.88888888888889
Thursday  December 08  2011,9.5
Friday  November 25  2011,19.11111111111111
Monday  November 14  2011,5.0
Sunday  November 13  2011,15.84375
Tuesday  November 01  2011,15.166666666666666
Monday  October 24  2011,14.625
Sunday  October 23  2011,12.307692307692308
Friday  October 21  2011,12.65625
Saturday  October 15  2011,11.0
Sunday  October 09  2011,16.428571428571427
Tuesday  October 04  2011,13.125
Saturday  September 24  2011,9.333333333333334
Friday  September 16  2011,12.128205128205128
Wednesday  August 31  2011,9.666666666666666
Tuesday  August 23  2011,17.870967741935484
Friday  August 12  2011,16.25
Sunday  July 31  2011,20.333333333333332
Thursday  July 21  2011,13.210526315789474
Monday  July 18  2011,8.166666666666666
Tuesday  July 12  2011,14.257142857142858
Wednesday  June 22  2011,18.05263157894737
Sunday  June 19  2011,17.25
Sunday  June 19  2011,17.25
Saturday  May 21  2011,17.466666666666665
Tuesday  May 17  2011,15.25
Sunday  May 08  2011,19.333333333333332
Thursday  May 05  2011,16.11111111111111
Tuesday  May 03  2011,8.875
Wednesday  April 27  2011,9.407407407407407
Monday  April 25  2011,14.26086956521739
Tuesday  April 19  2011,5.833333333333333
Sunday  April 10  2011,12.0
Wednesday  April 06  2011,20.615384615384617
Friday  April 01  2011,12.763157894736842
Tuesday  March 22  2011,16.0
Thursday  March 17  2011,16.181818181818183
Tuesday  March 15  2011,20.0
Monday  March 14  2011,22.0
Friday  March 11  2011,12.75
Monday  March 07  2011,13.285714285714286
Saturday  March 05  2011,17.633333333333333
Sunday  February 27  2011,22.789473684210527
Saturday  February 19  2011,16.4
Wednesday  February 09  2011,16.0
Saturday  February 05  2011,17.185185185185187
Tuesday  January 25  2011,13.866666666666667
Monday  January 10  2011,16.2
Saturday  January 08  2011,13.583333333333334
Wednesday  January 05  2011,6.5
Tuesday  January 04  2011,18.82857142857143
Thursday  December 23  2010,8.0
Monday  December 20  2010,11.6
Sunday  December 19  2010,15.529411764705882
Saturday  December 18  2010,17.5
Friday  December 17  2010,8.625
Saturday  December 11  2010,18.0
Thursday  December 09  2010,8.714285714285714
Tuesday  December 07  2010,18.4
Sunday  December 05  2010,9.333333333333334
Friday  November 26  2010,20.0
Monday  November 22  2010,6.285714285714286
Sunday  November 21  2010,16.333333333333332
Thursday  November 11  2010,19.0
Sunday  November 07  2010,14.461538461538462
Tuesday  November 02  2010,15.916666666666666
Monday  October 25  2010,19.666666666666668
Sunday  October 17  2010,8.736842105263158
Thursday  October 14  2010,9.6
Tuesday  October 12  2010,15.666666666666666
Tuesday  September 28  2010,16.943396226415093
Tuesday  September 21  2010,8.333333333333334
Thursday  September 09  2010,12.666666666666666
Sunday  August 29  2010,15.568181818181818
Wednesday  August 18  2010,16.571428571428573
Thursday  August 12  2010,14.035714285714286
Friday  July 30  2010,16.954545454545453
Sunday  July 18  2010,15.5
Tuesday  July 13  2010,6.933333333333334
Monday  July 12  2010,10.466666666666667
Monday  June 28  2010,14.181818181818182
Monday  June 21  2010,11.5
Thursday  June 17  2010,15.052631578947368
Tuesday  June 01  2010,13.428571428571429
Monday  May 24  2010,18.375
Saturday  May 22  2010,14.625
Wednesday  May 19  2010,8.666666666666666
Tuesday  May 18  2010,20.033333333333335
Wednesday  May 05  2010,54.0
Wednesday  April 21  2010,17.5
Thursday  April 08  2010,15.0
Tuesday  April 06  2010,18.846153846153847
Saturday  March 13  2010,16.363636363636363
Monday  March 08  2010,18.666666666666668
Wednesday  March 03  2010,20.75
Thursday  February 25  2010,19.4
Tuesday  February 16  2010,30.3125
Thursday  February 11  2010,6.0
Tuesday  February 09  2010,17.2
Monday  February 01  2010,20.153846153846153
Thursday  January 28  2010,13.222222222222221
Sunday  January 17  2010,16.375
Wednesday  January 13  2010,12.2
Friday  January 08  2010,11.545454545454545
Wednesday  December 30  2009,13.25
Monday  December 28  2009,20.75
Saturday  December 26  2009,13.25
Tuesday  December 22  2009,15.0
Sunday  December 20  2009,15.8
Sunday  December 13  2009,14.166666666666666
Friday  December 11  2009,13.736842105263158
Wednesday  December 09  2009,16.933333333333334
Thursday  December 03  2009,11.75
Monday  November 30  2009,19.866666666666667
Sunday  November 22  2009,15.454545454545455
Wednesday  November 11  2009,15.272727272727273
Monday  November 09  2009,17.307692307692307
Tuesday  November 03  2009,44.0
Thursday  October 29  2009,6.166666666666667
Thursday  October 22  2009,14.466666666666667
Sunday  October 18  2009,19.0
Saturday  October 17  2009,12.0
Friday  October 09  2009,18.416666666666668
Sunday  October 04  2009,19.818181818181817
Saturday  September 26  2009,14.823529411764707
Monday  September 21  2009,15.375
Wednesday  September 16  2009,15.5
Monday  September 14  2009,23.11111111111111
Tuesday  September 08  2009,12.5
Saturday  September 05  2009,15.0
Saturday  August 29  2009,17.4
Thursday  August 20  2009,19.428571428571427
Tuesday  August 18  2009,16.5
Friday  August 07  2009,15.583333333333334
Sunday  August 02  2009,17.4
Saturday  August 01  2009,15.970588235294118
Wednesday  July 29  2009,13.25
Monday  July 27  2009,24.4
Tuesday  July 21  2009,14.9
Monday  July 13  2009,6.8
Sunday  July 12  2009,16.857142857142858
Thursday  July 02  2009,12.916666666666666
Wednesday  June 24  2009,11.428571428571429
Monday  June 22  2009,14.181818181818182
Wednesday  June 17  2009,17.476190476190474
Thursday  June 11  2009,12.0
Monday  June 08  2009,14.833333333333334
Friday  June 05  2009,14.6
Tuesday  June 02  2009,14.5
Friday  May 29  2009,22.25
Sunday  May 24  2009,18.333333333333332
Wednesday  May 20  2009,22.076923076923077
Thursday  May 14  2009,24.6
Tuesday  May 12  2009,10.571428571428571
Monday  May 11  2009,23.736842105263158
Friday  May 08  2009,15.3
Tuesday  May 05  2009,17.555555555555557
Monday  May 04  2009,13.304347826086957
Thursday  April 30  2009,59.0
Saturday  April 25  2009,8.1
Saturday  April 18  2009,19.416666666666668
Tuesday  April 14  2009,25.88888888888889
Thursday  April 09  2009,14.5
Wednesday  April 08  2009,14.95
Thursday  April 02  2009,13.791666666666666
Sunday  March 29  2009,14.0
Tuesday  March 24  2009,6.75
Saturday  March 21  2009,12.428571428571429
Friday  March 13  2009,18.235294117647058
Tuesday  March 10  2009,17.333333333333332
Saturday  March 07  2009,22.357142857142858
Tuesday  March 03  2009,11.454545454545455
Tuesday  March 03  2009,11.454545454545455
Friday  February 27  2009,12.0
Monday  February 23  2009,10.2
Thursday  February 19  2009,12.75
Monday  February 16  2009,17.705882352941178
Friday  February 13  2009,8.714285714285714
Tuesday  February 10  2009,16.454545454545453
Sunday  February 01  2009,14.681818181818182
Tuesday  January 20  2009,12.692307692307692
Sunday  January 11  2009,16.666666666666668
Sunday  January 11  2009,16.666666666666668
Tuesday  January 06  2009,18.923076923076923
Wednesday  December 31  2008,17.894736842105264
Monday  December 22  2008,13.727272727272727
Wednesday  December 10  2008,16.25
Sunday  November 30  2008,16.0
Tuesday  November 25  2008,11.75
Monday  November 17  2008,13.5
Thursday  November 13  2008,3.8
Saturday  November 08  2008,14.166666666666666
Friday  October 31  2008,9.0
Wednesday  October 29  2008,15.352941176470589
Friday  October 24  2008,13.470588235294118
Tuesday  October 21  2008,13.0
Tuesday  October 14  2008,15.466666666666667
Wednesday  October 08  2008,17.941176470588236
Sunday  September 28  2008,22.21875
Thursday  September 25  2008,12.766666666666667
Friday  September 19  2008,4.5
Sunday  September 14  2008,14.75
Friday  September 05  2008,16.9375
Wednesday  September 03  2008,14.0
Tuesday  August 26  2008,18.272727272727273
Sunday  August 17  2008,13.583333333333334
Monday  August 11  2008,4.666666666666667
Monday  August 04  2008,17.565217391304348
Friday  August 01  2008,11.153846153846153
Wednesday  July 23  2008,17.357142857142858
Friday  July 18  2008,11.227272727272727
Friday  July 11  2008,13.75
Monday  July 07  2008,21.0
Wednesday  July 02  2008,13.428571428571429
Monday  June 30  2008,13.34375
Friday  June 27  2008,11.181818181818182
Tuesday  June 24  2008,13.0
Thursday  June 19  2008,19.157894736842106
Wednesday  June 18  2008,8.363636363636363
Monday  June 16  2008,13.76923076923077
Tuesday  June 10  2008,16.764705882352942
Friday  June 06  2008,17.5
Wednesday  June 04  2008,23.142857142857142
Monday  June 02  2008,14.9
Thursday  May 29  2008,12.214285714285714
Monday  May 26  2008,12.285714285714286
Sunday  May 25  2008,15.314285714285715
Wednesday  May 21  2008,9.818181818181818
Monday  May 19  2008,18.761904761904763
Friday  May 16  2008,18.0
Thursday  May 15  2008,9.8
Monday  May 12  2008,16.26086956521739
Friday  May 09  2008,13.777777777777779
Wednesday  May 07  2008,15.346153846153847
Tuesday  May 06  2008,9.666666666666666
Monday  April 28  2008,15.565217391304348
Friday  April 25  2008,14.3
Thursday  April 24  2008,15.0
Monday  April 21  2008,16.105263157894736
Sunday  April 20  2008,19.5625
Monday  April 14  2008,13.76923076923077
Friday  April 11  2008,14.0
Sunday  April 06  2008,16.055555555555557
Friday  April 04  2008,11.266666666666667
Saturday  March 29  2008,9.5
Friday  March 28  2008,11.285714285714286
Sunday  March 23  2008,9.75
Tuesday  March 18  2008,9.285714285714286
Saturday  March 15  2008,11.833333333333334
Tuesday  March 11  2008,12.95
Saturday  March 08  2008,15.214285714285714
Thursday  March 06  2008,11.5625
Wednesday  March 05  2008,18.61904761904762
Friday  February 29  2008,12.736842105263158
Sunday  February 24  2008,20.25
Wednesday  February 20  2008,23.333333333333332
Monday  February 18  2008,14.357142857142858
Wednesday  February 13  2008,12.466666666666667
Sunday  February 10  2008,16.235294117647058
Thursday  February 07  2008,14.625
Sunday  February 03  2008,10.571428571428571
Monday  January 28  2008,21.11111111111111
Wednesday  January 23  2008,14.5
Tuesday  January 22  2008,10.125
Wednesday  January 16  2008,12.0
Friday  January 11  2008,11.666666666666666
Thursday  January 10  2008,9.25
Sunday  January 06  2008,24.157894736842106
Wednesday  January 02  2008,14.444444444444445
Monday  December 31  2007,11.0
Tuesday  December 25  2007,5.0
Monday  December 24  2007,14.857142857142858
Friday  December 21  2007,16.74074074074074
Saturday  December 15  2007,11.818181818181818
Monday  December 10  2007,8.333333333333334
Saturday  December 08  2007,13.5
Thursday  December 06  2007,12.636363636363637
Monday  December 03  2007,15.476190476190476
Friday  November 30  2007,14.771929824561404
Sunday  November 25  2007,11.928571428571429
Monday  November 19  2007,12.923076923076923
Wednesday  November 14  2007,15.0
Tuesday  November 13  2007,12.333333333333334
Saturday  November 10  2007,16.904761904761905
Sunday  November 04  2007,15.444444444444445
Thursday  November 01  2007,16.041666666666668
Thursday  October 25  2007,15.483870967741936
Tuesday  October 23  2007,8.636363636363637
Monday  October 22  2007,12.375
Sunday  October 21  2007,13.25
Saturday  October 20  2007,15.35483870967742
Tuesday  October 16  2007,16.916666666666668
Sunday  October 14  2007,13.933333333333334
Thursday  October 11  2007,17.444444444444443
Saturday  October 06  2007,18.363636363636363
Thursday  October 04  2007,15.0
Tuesday  October 02  2007,11.26086956521739
Thursday  September 27  2007,12.2
Wednesday  September 26  2007,12.777777777777779
Sunday  September 23  2007,15.583333333333334
Thursday  September 20  2007,21.0
Saturday  September 15  2007,18.384615384615383
Monday  September 10  2007,18.03846153846154
Wednesday  September 05  2007,12.0
Sunday  September 02  2007,20.53846153846154
Monday  August 27  2007,17.68
Monday  August 20  2007,16.428571428571427
Thursday  August 16  2007,13.642857142857142
Thursday  August 09  2007,10.727272727272727
Friday  August 03  2007,15.6875
Sunday  July 29  2007,15.538461538461538
Sunday  July 22  2007,18.533333333333335
Thursday  July 19  2007,13.4
Wednesday  July 18  2007,15.058823529411764
Thursday  July 12  2007,15.166666666666666
Monday  July 09  2007,19.77777777777778
Wednesday  July 04  2007,16.916666666666668
Thursday  June 28  2007,20.8
Sunday  June 24  2007,13.285714285714286
Monday  June 18  2007,17.0
Monday  June 11  2007,22.6
Thursday  June 07  2007,18.833333333333332
Tuesday  June 05  2007,18.642857142857142
Wednesday  May 30  2007,15.076923076923077
Thursday  May 24  2007,14.923076923076923
Saturday  May 19  2007,13.11111111111111
Thursday  May 10  2007,15.038461538461538
Tuesday  May 01  2007,16.4
Sunday  April 22  2007,15.875
Saturday  April 21  2007,19.25
Tuesday  April 17  2007,12.666666666666666
Friday  April 13  2007,10.3
Monday  April 09  2007,18.25
Sunday  April 01  2007,14.80952380952381
Wednesday  March 28  2007,19.55
Wednesday  March 21  2007,12.0
Wednesday  March 14  2007,12.0
Saturday  March 10  2007,9.714285714285714
Thursday  March 01  2007,20.0
Wednesday  February 21  2007,18.166666666666668
Monday  February 19  2007,6.0
Sunday  February 11  2007,16.0
Thursday  February 08  2007,13.0
Saturday  February 03  2007,17.0
Tuesday  January 30  2007,18.0
Tuesday  January 23  2007,16.90909090909091
Sunday  January 14  2007,15.0
Monday  January 08  2007,13.529411764705882
Wednesday  January 03  2007,17.0
Sunday  December 31  2006,12.666666666666666
Friday  December 29  2006,17.555555555555557
Friday  December 22  2006,16.5
Monday  December 18  2006,13.73913043478261
Thursday  December 14  2006,12.5
Wednesday  December 13  2006,6.0
Monday  December 11  2006,10.875
Friday  December 08  2006,17.75
Tuesday  December 05  2006,3.2857142857142856
Friday  December 01  2006,10.736842105263158
Monday  November 27  2006,13.5625
Wednesday  November 22  2006,14.5
Sunday  November 19  2006,17.055555555555557
Tuesday  November 14  2006,16.5625
Wednesday  November 08  2006,13.0
Sunday  November 05  2006,9.0
Friday  November 03  2006,15.0
Tuesday  October 31  2006,19.866666666666667
Friday  October 27  2006,9.642857142857142
Thursday  October 26  2006,26.4
Monday  October 23  2006,15.363636363636363
Friday  October 20  2006,10.777777777777779
Sunday  October 15  2006,18.153846153846153
Tuesday  October 10  2006,13.285714285714286
Friday  October 06  2006,11.5
Wednesday  October 04  2006,8.571428571428571
Tuesday  October 03  2006,16.46153846153846
Wednesday  September 27  2006,10.464285714285714
Monday  September 25  2006,19.09090909090909
Wednesday  September 20  2006,18.166666666666668
Friday  September 15  2006,15.266666666666667
Sunday  September 10  2006,11.0
Monday  September 04  2006,15.517241379310345
Thursday  August 31  2006,12.263157894736842
Tuesday  August 22  2006,11.25
Saturday  August 19  2006,14.083333333333334
Saturday  August 12  2006,15.0625
Friday  August 04  2006,19.923076923076923
Wednesday  August 02  2006,18.5
Wednesday  July 26  2006,15.3
Tuesday  July 25  2006,15.782608695652174
Wednesday  July 19  2006,12.4
Thursday  July 13  2006,18.466666666666665
Monday  July 10  2006,15.5
Wednesday  July 05  2006,16.8
Wednesday  June 28  2006,15.1875
Thursday  June 22  2006,16.625
Monday  June 19  2006,14.125
Wednesday  June 14  2006,15.789473684210526
Thursday  June 08  2006,23.2
Friday  June 02  2006,18.545454545454547
Tuesday  May 30  2006,15.95
Friday  May 26  2006,8.0
Tuesday  May 23  2006,12.166666666666666
Friday  May 19  2006,17.833333333333332
Monday  May 15  2006,16.526315789473685
Thursday  May 11  2006,11.285714285714286
Monday  May 08  2006,21.25
Thursday  May 04  2006,10.923076923076923
Monday  May 01  2006,14.714285714285714
Friday  April 28  2006,16.333333333333332
Monday  April 24  2006,22.88888888888889
Friday  April 21  2006,18.266666666666666
Wednesday  April 19  2006,17.9
Saturday  April 15  2006,16.75
Thursday  April 13  2006,14.666666666666666
Monday  April 10  2006,14.666666666666666
Friday  April 07  2006,21.35
Wednesday  April 05  2006,17.4375
Sunday  April 02  2006,14.0
Saturday  April 01  2006,17.272727272727273
Wednesday  March 29  2006,18.76923076923077
Friday  March 24  2006,14.666666666666666
Sunday  March 19  2006,15.11111111111111
Thursday  March 16  2006,19.88888888888889
Tuesday  March 14  2006,16.61904761904762
Monday  March 13  2006,18.5
Saturday  March 11  2006,16.0
Wednesday  March 08  2006,16.0
Monday  March 06  2006,10.0
Saturday  March 04  2006,14.421052631578947
Wednesday  March 01  2006,21.2
Tuesday  February 28  2006,13.25
Saturday  February 25  2006,17.714285714285715
Tuesday  February 21  2006,16.727272727272727
Friday  February 17  2006,13.5
Tuesday  February 14  2006,16.636363636363637
Monday  February 13  2006,15.0
Friday  February 10  2006,16.166666666666668
Wednesday  February 08  2006,15.88888888888889
Monday  January 30  2006,10.1875
Thursday  January 26  2006,16.641025641025642
Wednesday  January 18  2006,19.681818181818183
Wednesday  January 11  2006,16.53846153846154
Saturday  December 31  2005,13.8125
Tuesday  December 27  2005,10.0
Thursday  December 22  2005,16.444444444444443
Saturday  December 10  2005,19.363636363636363
Thursday  December 08  2005,16.032258064516128
Saturday  November 26  2005,19.166666666666668
Wednesday  November 23  2005,16.0
Tuesday  November 15  2005,16.35
Thursday  November 03  2005,12.25
Tuesday  October 25  2005,15.115384615384615
Monday  October 17  2005,14.85
Friday  October 14  2005,16.75
Thursday  October 06  2005,18.428571428571427
Thursday  September 29  2005,16.125
Thursday  September 22  2005,12.8
Wednesday  September 21  2005,18.25
Tuesday  September 13  2005,20.5
Thursday  September 08  2005,22.11111111111111
Wednesday  September 07  2005,16.0
Monday  September 05  2005,20.53846153846154
Wednesday  August 24  2005,11.5
Friday  August 19  2005,15.944444444444445
Thursday  August 11  2005,15.333333333333334
Thursday  July 28  2005,18.434782608695652
Monday  July 11  2005,15.166666666666666
Wednesday  June 29  2005,16.857142857142858
Friday  June 17  2005,16.77777777777778
Friday  June 10  2005,16.0
Thursday  June 02  2005,20.0
Friday  May 20  2005,20.772727272727273
Wednesday  May 18  2005,14.333333333333334
Wednesday  May 11  2005,13.090909090909092
Friday  May 06  2005,16.375
Wednesday  May 04  2005,22.928571428571427
Saturday  April 23  2005,23.2
Wednesday  April 20  2005,15.710526315789474
Friday  April 15  2005,17.666666666666668
Wednesday  April 13  2005,20.27777777777778
Friday  April 08  2005,19.09090909090909
Wednesday  March 30  2005,19.214285714285715
Tuesday  March 22  2005,20.5
Tuesday  March 15  2005,17.583333333333332
Friday  March 11  2005,15.0
Sunday  February 27  2005,16.0
Saturday  February 19  2005,19.952380952380953
Wednesday  February 16  2005,14.0
Wednesday  February 09  2005,18.863636363636363
Monday  January 31  2005,13.285714285714286
Saturday  January 22  2005,17.90909090909091
Sunday  January 09  2005,16.0
Sunday  January 02  2005,18.875
Thursday  December 23  2004,8.333333333333334
Friday  December 17  2004,16.0
Friday  December 10  2004,21.09090909090909
Monday  November 29  2004,21.454545454545453
Wednesday  November 24  2004,17.181818181818183
Thursday  November 18  2004,14.0
Saturday  November 06  2004,17.130434782608695
Thursday  October 28  2004,14.916666666666666
Friday  October 22  2004,18.0
Saturday  October 09  2004,18.88888888888889
Tuesday  October 05  2004,14.307692307692308
Tuesday  September 28  2004,18.166666666666668
Friday  September 03  2004,30.11111111111111
Tuesday  August 17  2004,20.22222222222222
Friday  August 13  2004,17.19047619047619
Wednesday  August 04  2004,16.11764705882353
Wednesday  July 28  2004,12.26086956521739
Monday  July 19  2004,14.545454545454545
Sunday  July 11  2004,21.181818181818183
Saturday  June 26  2004,11.3
Sunday  June 13  2004,17.0
Sunday  June 06  2004,14.857142857142858
Sunday  May 30  2004,16.818181818181817
Saturday  May 15  2004,13.5
Wednesday  May 05  2004,18.958333333333332
Monday  April 26  2004,18.2
Wednesday  April 21  2004,13.88888888888889
Monday  April 12  2004,14.692307692307692
Monday  April 05  2004,13.714285714285714
Wednesday  March 31  2004,16.181818181818183
Saturday  March 27  2004,12.2
Thursday  March 25  2004,16.916666666666668
Tuesday  March 23  2004,13.2
Sunday  March 21  2004,19.444444444444443
Wednesday  March 17  2004,13.071428571428571
Sunday  March 07  2004,8.875
Tuesday  March 02  2004,15.529411764705882
Friday  February 27  2004,11.5
Wednesday  February 25  2004,5.2
Sunday  February 22  2004,11.444444444444445
Friday  February 20  2004,13.285714285714286
Tuesday  February 17  2004,21.0
Thursday  February 12  2004,21.57894736842105
Friday  February 06  2004,15.428571428571429
Wednesday  February 04  2004,16.857142857142858
Monday  February 02  2004,18.1
Saturday  January 31  2004,15.0
Thursday  January 29  2004,11.88888888888889
Tuesday  January 27  2004,13.88888888888889
Sunday  January 25  2004,12.285714285714286
Thursday  January 22  2004,15.105263157894736
Tuesday  January 20  2004,15.5
Saturday  January 17  2004,14.2
Friday  January 16  2004,12.333333333333334
Wednesday  January 14  2004,15.142857142857142
Wednesday  January 07  2004,13.75
Tuesday  January 06  2004,8.0
Sunday  January 04  2004,25.5
Friday  January 02  2004,15.6
Thursday  January 01  2004,14.307692307692308
Wednesday  December 24  2003,13.5
Wednesday  April 8  2020,25.77777777777778
Tuesday  April 7  2020,19.0
Monday  April 6  2020,28.666666666666668
Friday  April 3  2020,20.76923076923077
Thursday  April 2  2020,31.11111111111111
Thursday  March 26  2020,14.0
Tuesday  March 24  2020,15.0
Saturday  March 21  2020,16.0
Thursday  March 19  2020,22.285714285714285
Tuesday  March 17  2020,25.363636363636363
Sunday  March 15  2020,14.413793103448276
Thursday  March 12  2020,15.10344827586207
Wednesday  March 11  2020,13.466666666666667
Sunday  March 8  2020,74.0
Tuesday  February 25  2020,12.958333333333334
Sunday  February 2  2020,11.818181818181818
Friday  January 31  2020,20.63157894736842
Friday  January 24  2020,16.153846153846153
Wednesday  January 8  2020,15.588235294117647
Sunday  November 24  2019,19.5
Saturday  November 23  2019,15.5
Friday  November 15  2019,12.68421052631579
Wednesday  November 6  2019,26.384615384615383
Saturday  October 26  2019,19.5
Saturday  October 19  2019,13.851851851851851
Saturday  October 5  2019,15.91891891891892
Thursday  September 26  2019,15.076923076923077
Tuesday  September 24  2019,11.148148148148149
Friday  September 6  2019,14.612903225806452
Thursday  August 29  2019,13.16
Sunday  August 25  2019,21.70967741935484
Wednesday  August 21  2019,18.0625
Wednesday  August 14  2019,14.264150943396226
Friday  August 9  2019,10.680672268907562
Saturday  July 20  2019,18.3125
Monday  July 15  2019,12.909090909090908
Tuesday  July 2  2019,12.567567567567568
Monday  July 1  2019,18.11764705882353
Wednesday  June 19  2019,20.4375
Saturday  June 8  2019,15.192307692307692
Friday  June 7  2019,14.857142857142858
Wednesday  May 29  2019,15.555555555555555
Wednesday  May 22  2019,21.285714285714285
Tuesday  May 14  2019,13.619047619047619
Sunday  May 12  2019,17.7
Sunday  May 5  2019,12.368421052631579
Saturday  May 4  2019,16.153846153846153
Saturday  May 4  2019,16.153846153846153
Thursday  May 2  2019,6.666666666666667
Friday  April 26  2019,17.925925925925927
Wednesday  April 24  2019,18.5
Saturday  April 6  2019,25.666666666666668
Saturday  April 6  2019,25.666666666666668
Friday  April 5  2019,19.681818181818183
Wednesday  April 3  2019,14.3
Saturday  March 23  2019,11.869565217391305
Tuesday  March 19  2019,16.0
Sunday  March 17  2019,17.133333333333333
Sunday  March 10  2019,14.25925925925926
Saturday  March 9  2019,13.685714285714285
Thursday  February 21  2019,22.2
Saturday  January 26  2019,16.714285714285715
Thursday  January 3  2019,12.6
Wednesday  December 26  2018,14.066666666666666
Saturday  December 15  2018,20.151515151515152
Wednesday  December 5  2018,10.0
Saturday  November 24  2018,22.2
Friday  November 16  2018,11.777777777777779
Sunday  October 21  2018,17.875
Friday  October 12  2018,23.166666666666668
Wednesday  October 10  2018,16.77777777777778
Friday  September 21  2018,23.7
Sunday  September 16  2018,22.41176470588235
Thursday  September 13  2018,16.6
Saturday  September 8  2018,19.5
Sunday  August 26  2018,16.571428571428573
Tuesday  August 21  2018,10.3125
Saturday  August 18  2018,20.6
Saturday  August 4  2018,16.4
Friday  July 20  2018,22.0
Friday  July 13  2018,14.5625
Wednesday  July 4  2018,16.208333333333332
Monday  June 18  2018,12.26923076923077
Saturday  June 9  2018,18.35483870967742
Monday  May 28  2018,19.153846153846153
Saturday  May 26  2018,17.5
Friday  May 18  2018,14.586206896551724
Tuesday  May 15  2018,16.71794871794872
Monday  May 7  2018,15.666666666666666
Thursday  May 3  2018,17.625
Monday  April 30  2018,21.384615384615383
Wednesday  April 25  2018,20.75
Thursday  April 12  2018,15.0
Monday  April 9  2018,21.695652173913043
Wednesday  April 4  2018,14.529411764705882
Tuesday  April 3  2018,23.0
Sunday  April 1  2018,12.368421052631579
Tuesday  March 20  2018,13.8
Friday  March 16  2018,13.666666666666666
Thursday  March 15  2018,13.157894736842104
Saturday  March 10  2018,18.25
Thursday  March 8  2018,39.0
Wednesday  February 28  2018,14.277777777777779
Friday  February 23  2018,24.875
Friday  February 23  2018,24.875
Tuesday  February 20  2018,14.125
Sunday  February 18  2018,12.35
Saturday  February 10  2018,16.0
Thursday  February 8  2018,11.125
Friday  February 2  2018,16.727272727272727
Thursday  January 25  2018,18.8
Thursday  January 25  2018,18.8
Saturday  January 20  2018,21.31578947368421
Thursday  January 18  2018,17.38888888888889
Monday  January 15  2018,30.375
Thursday  January 11  2018,21.5
Wednesday  January 10  2018,24.125
Wednesday  January 3  2018,20.09375
Thursday  December 28  2017,14.916666666666666
Wednesday  December 27  2017,16.23076923076923
Saturday  December 23  2017,12.071428571428571
Friday  December 22  2017,15.583333333333334
Saturday  December 9  2017,19.09090909090909
Thursday  November 30  2017,14.0
Saturday  November 25  2017,19.307692307692307
Friday  November 24  2017,17.785714285714285
Wednesday  November 22  2017,14.0
Friday  November 17  2017,15.909090909090908
Tuesday  November 14  2017,16.7
Friday  November 10  2017,15.8
Wednesday  November 8  2017,12.0
Tuesday  November 7  2017,23.833333333333332
Friday  November 3  2017,30.0
Sunday  October 29  2017,22.11111111111111
Friday  October 27  2017,27.0
Wednesday  October 25  2017,15.555555555555555
Tuesday  October 24  2017,21.666666666666668
Thursday  October 19  2017,19.1
Sunday  October 15  2017,14.875
Tuesday  October 10  2017,19.25
Wednesday  October 4  2017,25.571428571428573
Tuesday  October 3  2017,22.1
Saturday  September 30  2017,21.285714285714285
Friday  September 29  2017,19.294117647058822
Wednesday  September 27  2017,27.0
Monday  September 25  2017,21.75
Friday  September 22  2017,17.916666666666668
Monday  September 18  2017,25.4
Saturday  September 16  2017,15.23076923076923
Tuesday  September 12  2017,12.0
Wednesday  September 6  2017,18.0
Tuesday  September 5  2017,33.25
Thursday  August 31  2017,14.285714285714286
Wednesday  August 23  2017,16.0
Tuesday  August 22  2017,36.888888888888886
Monday  August 21  2017,17.4
Friday  August 18  2017,18.6
Thursday  August 17  2017,15.666666666666666
Wednesday  August 9  2017,20.53846153846154
Tuesday  August 8  2017,12.058823529411764
Sunday  August 6  2017,11.444444444444445
Wednesday  August 2  2017,12.73076923076923
Sunday  July 30  2017,18.166666666666668
Thursday  July 27  2017,20.7
Wednesday  July 26  2017,12.714285714285714
Tuesday  July 25  2017,17.869565217391305
Wednesday  July 19  2017,19.6875
Saturday  July 15  2017,15.0
Friday  July 14  2017,14.152173913043478
Thursday  July 13  2017,25.857142857142858
Tuesday  July 11  2017,10.529411764705882
Monday  July 3  2017,15.142857142857142
Saturday  July 1  2017,20.0
Thursday  June 29  2017,16.11111111111111
Thursday  June 29  2017,16.11111111111111
Tuesday  June 27  2017,24.25
Monday  June 26  2017,12.172413793103448
Thursday  June 22  2017,14.904761904761905
Tuesday  June 20  2017,23.8
Monday  June 19  2017,13.923076923076923
Sunday  June 18  2017,14.962264150943396
Wednesday  June 14  2017,13.61111111111111
Tuesday  June 13  2017,22.23076923076923
Monday  June 12  2017,21.428571428571427
Sunday  June 11  2017,15.0
Saturday  June 10  2017,26.666666666666668
Friday  June 9  2017,17.94736842105263
Wednesday  June 7  2017,15.818181818181818
Sunday  June 4  2017,16.727272727272727
Thursday  June 1  2017,15.714285714285714
Wednesday  May 31  2017,20.235294117647058
Monday  May 29  2017,18.11764705882353
Sunday  May 28  2017,19.357142857142858
Friday  May 26  2017,16.0
Thursday  May 25  2017,20.8
Wednesday  May 24  2017,19.076923076923077
Sunday  May 21  2017,11.342105263157896
Friday  May 12  2017,18.333333333333332
Friday  May 12  2017,18.333333333333332
Tuesday  May 9  2017,13.48
Saturday  April 22  2017,14.772727272727273
Friday  April 21  2017,17.2
Thursday  April 20  2017,15.548387096774194
Sunday  April 9  2017,19.714285714285715
Friday  April 7  2017,19.25
Thursday  March 30  2017,15.88
Monday  March 27  2017,19.5
Sunday  March 26  2017,19.625
Friday  March 24  2017,28.11111111111111
Sunday  March 19  2017,19.318181818181817
Monday  March 6  2017,14.789473684210526
Sunday  March 5  2017,15.263157894736842
Friday  February 17  2017,12.6875
Tuesday  February 14  2017,15.071428571428571
Thursday  February 9  2017,16.227272727272727
Sunday  February 5  2017,11.333333333333334
Sunday  January 29  2017,15.885714285714286
Friday  January 27  2017,15.222222222222221
Tuesday  January 24  2017,18.416666666666668
Wednesday  January 18  2017,19.0
Tuesday  January 17  2017,18.166666666666668
Wednesday  January 11  2017,16.181818181818183
Tuesday  January 10  2017,17.444444444444443
Sunday  January 8  2017,13.333333333333334
Sunday  January 8  2017,13.333333333333334
Thursday  January 5  2017,17.0
Wednesday  January 4  2017,17.75
Tuesday  January 3  2017,17.76923076923077
Monday  January 2  2017,15.8125
Sunday  January 1  2017,14.785714285714286
Saturday  December 31  2016,14.733333333333333
Friday  December 30  2016,14.19047619047619
Wednesday  December 28  2016,11.714285714285714
Friday  December 23  2016,24.666666666666668
Sunday  December 18  2016,14.714285714285714
Monday  December 12  2016,15.333333333333334
Friday  December 9  2016,22.72222222222222
Monday  November 28  2016,20.285714285714285
Sunday  November 27  2016,13.75
Saturday  November 26  2016,11.05
Thursday  November 24  2016,15.88
Tuesday  November 1  2016,16.125
Tuesday  October 25  2016,21.22222222222222
Monday  October 24  2016,15.73913043478261
Thursday  October 20  2016,18.285714285714285
Tuesday  October 18  2016,15.882352941176471
Wednesday  October 12  2016,16.476190476190474
Tuesday  October 11  2016,12.0
Sunday  October 2  2016,14.4
Tuesday  September 20  2016,25.642857142857142
Thursday  September 15  2016,15.2
Tuesday  September 6  2016,15.142857142857142
Thursday  September 1  2016,16.666666666666668
Tuesday  August 30  2016,18.35
Friday  August 26  2016,26.076923076923077
Tuesday  August 23  2016,26.875
Monday  August 22  2016,25.0
Friday  August 12  2016,23.263157894736842
Thursday  August 11  2016,19.0
Thursday  August 4  2016,17.4
Wednesday  August 3  2016,19.0
Sunday  July 31  2016,20.625
Thursday  July 28  2016,16.5
Wednesday  July 27  2016,14.090909090909092
Monday  July 25  2016,13.333333333333334
Sunday  July 24  2016,14.547169811320755
Thursday  July 7  2016,16.045454545454547
Tuesday  July 5  2016,11.333333333333334
Monday  July 4  2016,12.818181818181818
Sunday  July 3  2016,14.89655172413793
Saturday  July 2  2016,14.583333333333334
Thursday  June 30  2016,16.842105263157894
Thursday  June 30  2016,16.842105263157894
Wednesday  June 29  2016,13.916666666666666
Friday  June 24  2016,14.1875
Thursday  June 23  2016,12.6875
Wednesday  June 22  2016,21.64
Monday  June 20  2016,11.2
Saturday  June 18  2016,19.428571428571427
Friday  June 17  2016,11.461538461538462
Thursday  June 16  2016,17.714285714285715
Wednesday  June 15  2016,22.0
Tuesday  June 14  2016,18.19047619047619
Wednesday  June 8  2016,28.125
Monday  May 30  2016,14.458333333333334
Friday  May 27  2016,14.8
Thursday  May 26  2016,13.931034482758621
Friday  May 20  2016,20.77777777777778
Saturday  May 14  2016,16.615384615384617
Wednesday  May 11  2016,17.5
Wednesday  May 4  2016,17.045454545454547
Monday  May 2  2016,15.08695652173913
Sunday  May 1  2016,15.428571428571429
Friday  April 29  2016,31.6
Monday  April 25  2016,14.590909090909092
Saturday  April 23  2016,13.555555555555555
Saturday  April 23  2016,13.555555555555555
Monday  April 18  2016,14.0
Sunday  April 17  2016,11.944444444444445
Thursday  April 14  2016,15.545454545454545
Saturday  April 9  2016,23.333333333333332
Thursday  April 7  2016,10.526315789473685
Wednesday  March 30  2016,12.333333333333334
Tuesday  March 29  2016,22.482758620689655
Saturday  March 26  2016,19.153846153846153
Thursday  March 24  2016,16.214285714285715
Monday  March 21  2016,20.0
Sunday  March 20  2016,17.25
Thursday  March 17  2016,15.428571428571429
Tuesday  March 15  2016,25.625
Wednesday  March 9  2016,15.8
Tuesday  March 8  2016,29.0
Monday  March 7  2016,10.692307692307692
Tuesday  March 1  2016,12.833333333333334
Tuesday  March 1  2016,12.833333333333334
Sunday  February 28  2016,15.583333333333334
Thursday  February 25  2016,14.130434782608695
Wednesday  February 24  2016,17.36
Tuesday  February 23  2016,12.88888888888889
Monday  February 22  2016,13.272727272727273
Friday  February 19  2016,16.31578947368421
Wednesday  February 17  2016,18.192307692307693
Friday  February 12  2016,14.5
Thursday  February 11  2016,16.0
Tuesday  February 9  2016,10.733333333333333
Sunday  February 7  2016,14.76923076923077
Saturday  February 6  2016,13.35897435897436
Monday  February 1  2016,13.470588235294118
Thursday  January 28  2016,13.88888888888889
Wednesday  January 27  2016,22.058823529411764
Monday  January 25  2016,11.666666666666666
Sunday  January 24  2016,14.818181818181818
Friday  January 22  2016,16.901960784313726
Tuesday  January 19  2016,14.153846153846153
Friday  January 15  2016,11.2
Thursday  January 14  2016,14.289473684210526
Tuesday  January 12  2016,17.923076923076923
Wednesday  January 6  2016,16.05
Tuesday  January 5  2016,15.461538461538462
Wednesday  December 30  2015,12.916666666666666
Tuesday  December 22  2015,16.56756756756757
Saturday  December 19  2015,23.2
Friday  December 18  2015,13.0
Thursday  December 17  2015,15.454545454545455
Wednesday  December 16  2015,13.555555555555555
Friday  December 11  2015,20.689655172413794
Thursday  December 3  2015,14.242424242424242
Tuesday  December 1  2015,16.652173913043477
Saturday  November 28  2015,11.363636363636363
Wednesday  November 25  2015,13.428571428571429
Sunday  November 22  2015,13.682926829268293
Saturday  November 21  2015,16.3
Friday  November 20  2015,13.392857142857142
Tuesday  November 17  2015,13.866666666666667
Saturday  November 14  2015,15.692307692307692
Tuesday  November 10  2015,12.827586206896552
Friday  November 6  2015,12.793103448275861
Tuesday  November 3  2015,19.333333333333332
Monday  November 2  2015,31.333333333333332
Sunday  November 1  2015,20.444444444444443
Friday  October 30  2015,13.666666666666666
Tuesday  October 27  2015,39.25
Monday  October 26  2015,12.88888888888889
Sunday  October 25  2015,16.0
Thursday  October 22  2015,16.0
Wednesday  October 21  2015,12.823529411764707
Sunday  October 18  2015,15.23076923076923
Saturday  October 17  2015,13.8125
Thursday  October 15  2015,15.555555555555555
Tuesday  October 13  2015,13.894736842105264
Saturday  October 10  2015,15.115384615384615
Tuesday  October 6  2015,14.238095238095237
Monday  October 5  2015,18.22222222222222
Monday  September 28  2015,16.333333333333332
Sunday  September 27  2015,23.428571428571427
Saturday  September 26  2015,14.352941176470589
Thursday  September 24  2015,15.08
Wednesday  September 23  2015,12.0
Tuesday  September 22  2015,18.545454545454547
Saturday  September 19  2015,14.759036144578314
Friday  September 18  2015,21.2
Friday  September 4  2015,23.0
Thursday  August 27  2015,14.714285714285714
Friday  August 21  2015,14.428571428571429
Monday  August 17  2015,13.4375
Tuesday  August 11  2015,11.785714285714286
Monday  August 10  2015,17.470588235294116
Saturday  August 8  2015,22.263157894736842
Monday  August 3  2015,19.333333333333332
Wednesday  July 29  2015,19.833333333333332
Tuesday  July 28  2015,12.875
Sunday  July 26  2015,13.61111111111111
Sunday  July 19  2015,16.291666666666668
Friday  July 17  2015,14.137931034482758
Sunday  July 12  2015,13.153846153846153
Saturday  July 11  2015,13.681818181818182
Friday  July 10  2015,19.61111111111111
Tuesday  July 7  2015,15.470588235294118
Sunday  July 5  2015,15.772727272727273
Wednesday  July 1  2015,13.692307692307692
Tuesday  June 23  2015,14.571428571428571
Friday  June 19  2015,22.363636363636363
Tuesday  June 16  2015,15.217391304347826
Monday  June 8  2015,14.818181818181818
Friday  June 5  2015,22.615384615384617
Thursday  June 4  2015,17.666666666666668
Tuesday  June 2  2015,10.839285714285714
Thursday  May 28  2015,15.285714285714286
Wednesday  May 27  2015,28.416666666666668
Saturday  May 23  2015,13.545454545454545
Wednesday  May 20  2015,19.185185185185187
Monday  May 18  2015,19.181818181818183
Sunday  May 17  2015,15.461538461538462
Sunday  May 10  2015,11.461538461538462
Wednesday  May 6  2015,15.212121212121213
Sunday  May 3  2015,12.333333333333334
Tuesday  April 28  2015,17.321428571428573
Monday  April 20  2015,16.85
Sunday  April 19  2015,12.758620689655173
Wednesday  April 15  2015,10.875
Tuesday  April 14  2015,15.526315789473685
Friday  April 10  2015,15.404761904761905
Thursday  April 9  2015,21.933333333333334
Wednesday  April 8  2015,15.375
Monday  April 6  2015,18.681818181818183
Monday  March 30  2015,12.326086956521738
Sunday  March 29  2015,12.944444444444445
Friday  March 27  2015,18.75
Friday  March 27  2015,18.75
Thursday  March 26  2015,14.72
Monday  March 23  2015,17.666666666666668
Thursday  March 19  2015,18.894736842105264
Monday  March 16  2015,13.470588235294118
Saturday  March 14  2015,11.142857142857142
Tuesday  March 10  2015,11.222222222222221
Sunday  March 8  2015,12.6875
Tuesday  March 3  2015,14.115384615384615
Saturday  February 28  2015,12.928571428571429
Tuesday  February 24  2015,14.875
Wednesday  February 18  2015,15.294117647058824
Wednesday  February 11  2015,15.0625
Wednesday  February 11  2015,15.0625
Saturday  February 7  2015,8.0625
Friday  February 6  2015,14.236842105263158
Sunday  February 1  2015,16.714285714285715
Tuesday  January 27  2015,18.384615384615383
Sunday  January 25  2015,11.357142857142858
Thursday  January 15  2015,16.06451612903226
Wednesday  January 7  2015,13.73076923076923
Tuesday  January 6  2015,12.071428571428571
Sunday  January 4  2015,13.181818181818182
Saturday  January 3  2015,11.0
Thursday  January 1  2015,15.75
Sunday  December 28  2014,13.367088607594937
Friday  December 26  2014,13.454545454545455
Monday  December 22  2014,17.192307692307693
Sunday  December 21  2014,15.875
Saturday  December 20  2014,11.5
Thursday  December 18  2014,16.11764705882353
Wednesday  December 17  2014,13.130434782608695
Monday  December 15  2014,13.511627906976743
Thursday  December 11  2014,12.0
Saturday  December 6  2014,16.558823529411764
Wednesday  December 3  2014,12.5
Wednesday  November 26  2014,17.045454545454547
Saturday  November 22  2014,13.590909090909092
Thursday  November 20  2014,13.75
Monday  November 17  2014,20.689655172413794
Wednesday  November 12  2014,15.1
Monday  November 10  2014,16.176470588235293
Saturday  November 8  2014,15.4375
Tuesday  November 4  2014,18.2
Tuesday  November 4  2014,18.2
Monday  November 3  2014,21.153846153846153
Sunday  November 2  2014,16.9375
Sunday  October 26  2014,20.321428571428573
Saturday  October 25  2014,16.0
Wednesday  October 22  2014,16.90625
Thursday  October 16  2014,27.4
Saturday  October 11  2014,13.030303030303031
Thursday  October 9  2014,13.673076923076923
Tuesday  October 7  2014,12.73076923076923
Monday  October 6  2014,15.5
Saturday  October 4  2014,12.242424242424242
Thursday  October 2  2014,11.894736842105264
Wednesday  October 1  2014,16.94736842105263
Monday  September 29  2014,17.5625
Friday  September 26  2014,17.82608695652174
Thursday  September 25  2014,18.555555555555557
Tuesday  September 23  2014,18.36
Friday  September 19  2014,16.272727272727273
Tuesday  September 16  2014,15.117647058823529
Saturday  September 13  2014,17.666666666666668
Friday  September 12  2014,18.5
Monday  September 8  2014,23.615384615384617
Sunday  September 7  2014,15.166666666666666
Saturday  September 6  2014,17.903225806451612
Friday  September 5  2014,13.523809523809524
Wednesday  September 3  2014,14.05
Tuesday  September 2  2014,16.37037037037037
Friday  August 29  2014,12.615384615384615
Wednesday  August 27  2014,16.055555555555557
Monday  August 25  2014,14.869565217391305
Wednesday  August 20  2014,14.829268292682928
Wednesday  August 13  2014,14.333333333333334
Tuesday  August 12  2014,18.5625
Monday  August 11  2014,13.090909090909092
Sunday  August 10  2014,15.277777777777779
Wednesday  August 6  2014,15.304347826086957
Wednesday  July 30  2014,15.1
Friday  July 25  2014,15.807692307692308
Tuesday  July 22  2014,13.64
Monday  July 21  2014,13.26086956521739
Sunday  July 20  2014,9.761904761904763
Friday  July 18  2014,15.166666666666666
Wednesday  July 16  2014,14.482758620689655
Wednesday  July 9  2014,13.102564102564102
Tuesday  July 8  2014,11.867647058823529
Sunday  July 6  2014,17.107142857142858
Friday  July 4  2014,17.782608695652176
Thursday  July 3  2014,17.333333333333332
Wednesday  July 2  2014,20.6
Tuesday  July 1  2014,16.56
Sunday  June 29  2014,20.846153846153847
Wednesday  June 25  2014,12.863636363636363
Wednesday  June 25  2014,12.863636363636363
Friday  June 20  2014,13.971428571428572
Wednesday  June 18  2014,12.615384615384615
Monday  June 16  2014,14.266666666666667
Friday  June 13  2014,17.023809523809526
Wednesday  June 11  2014,17.5625
Saturday  June 7  2014,14.470588235294118
Thursday  June 5  2014,17.105263157894736
Monday  June 2  2014,17.2
Tuesday  May 27  2014,20.923076923076923
Saturday  May 24  2014,12.033333333333333
Thursday  May 22  2014,29.375
Friday  May 16  2014,29.142857142857142
Thursday  May 15  2014,12.941176470588236
Tuesday  May 13  2014,14.384615384615385
Thursday  May 8  2014,13.9375
Monday  May 5  2014,12.285714285714286
Saturday  May 3  2014,17.692307692307693
Friday  May 2  2014,20.77777777777778
Thursday  May 1  2014,15.9375
Tuesday  April 29  2014,13.80952380952381
Monday  April 28  2014,13.954545454545455
Friday  April 25  2014,13.67741935483871
Wednesday  April 23  2014,13.303030303030303
Monday  April 21  2014,15.363636363636363
Sunday  April 20  2014,13.275862068965518
Saturday  April 19  2014,18.45
Wednesday  April 16  2014,13.25
Saturday  April 12  2014,13.357142857142858
Friday  April 11  2014,18.565217391304348
Wednesday  April 9  2014,19.52
Thursday  April 3  2014,18.4
Sunday  March 30  2014,14.882352941176471
Monday  March 24  2014,14.7
Sunday  March 23  2014,16.15
Tuesday  March 18  2014,13.619047619047619
Friday  March 14  2014,12.8
Thursday  March 13  2014,13.666666666666666
Wednesday  March 12  2014,15.130434782608695
Monday  March 10  2014,10.5
Sunday  March 9  2014,13.25
Wednesday  March 5  2014,17.07894736842105
Monday  March 3  2014,14.892857142857142
Friday  February 28  2014,15.083333333333334
Tuesday  February 25  2014,14.343434343434344
Sunday  February 23  2014,15.8
Saturday  February 22  2014,11.75
Friday  February 21  2014,12.678571428571429
Tuesday  February 18  2014,15.294117647058824
Sunday  February 16  2014,16.2
Friday  February 14  2014,16.387096774193548
Thursday  February 13  2014,11.625
Friday  February 7  2014,16.448275862068964
Tuesday  February 4  2014,14.8125
Tuesday  February 4  2014,14.8125
Saturday  February 1  2014,11.277777777777779
Thursday  January 30  2014,20.8
Monday  January 27  2014,13.48
Saturday  January 25  2014,14.333333333333334
Friday  January 24  2014,11.289473684210526
Thursday  January 23  2014,12.029411764705882
Wednesday  January 22  2014,13.977272727272727
Wednesday  January 15  2014,17.40909090909091
Monday  January 13  2014,13.357142857142858
Sunday  January 12  2014,13.6
Saturday  January 11  2014,13.86111111111111
Monday  January 6  2014,15.03448275862069
Saturday  January 4  2014,11.596491228070175
Tuesday  December 31  2013,11.384615384615385
Wednesday  December 18  2013,13.0625
Tuesday  December 17  2013,16.523809523809526
Sunday  December 15  2013,15.707317073170731
Thursday  December 12  2013,15.75
Monday  December 9  2013,16.918367346938776
Friday  December 6  2013,13.685714285714285
Monday  December 2  2013,17.666666666666668
Tuesday  November 26  2013,20.11111111111111
Thursday  November 21  2013,15.58974358974359
Wednesday  November 20  2013,13.0
Saturday  November 16  2013,15.2
Friday  November 15  2013,13.444444444444445
Wednesday  November 13  2013,12.777777777777779
Tuesday  November 12  2013,15.777777777777779
Monday  November 11  2013,15.791666666666666
Thursday  November 7  2013,14.842105263157896
Wednesday  November 6  2013,12.685714285714285
Monday  November 4  2013,13.942857142857143
Friday  November 1  2013,16.129032258064516
Wednesday  October 30  2013,19.8125
Tuesday  October 29  2013,12.8
Monday  October 28  2013,11.64516129032258
Friday  October 25  2013,13.966666666666667
Monday  October 21  2013,16.055555555555557
Monday  October 21  2013,16.055555555555557
Wednesday  October 16  2013,16.074074074074073
Monday  October 14  2013,15.456140350877194
Friday  October 11  2013,15.724137931034482
Wednesday  October 9  2013,12.666666666666666
Tuesday  October 8  2013,14.909090909090908
Monday  October 7  2013,19.5
Sunday  October 6  2013,15.857142857142858
Sunday  September 29  2013,19.24
Thursday  September 26  2013,16.842105263157894
Wednesday  September 25  2013,20.94736842105263
Monday  September 23  2013,16.083333333333332
Friday  September 20  2013,16.523809523809526
Thursday  September 19  2013,16.65
Wednesday  September 18  2013,17.636363636363637
Tuesday  September 17  2013,20.833333333333332
Monday  September 16  2013,13.434782608695652
Saturday  September 14  2013,15.041666666666666
Friday  September 13  2013,15.11111111111111
Tuesday  September 10  2013,14.058823529411764
Saturday  September 7  2013,13.655172413793103
Thursday  August 29  2013,18.095238095238095
Monday  August 26  2013,21.041666666666668
Monday  August 26  2013,21.041666666666668
Saturday  August 24  2013,14.777777777777779
Tuesday  August 20  2013,11.285714285714286
Monday  August 19  2013,21.066666666666666
Sunday  August 18  2013,17.043478260869566
Saturday  August 17  2013,23.6
Wednesday  August 14  2013,15.076923076923077
Tuesday  August 13  2013,16.363636363636363
Monday  August 5  2013,16.875
Thursday  August 1  2013,10.24
Wednesday  July 31  2013,17.77777777777778
Friday  July 26  2013,14.135135135135135
Friday  July 19  2013,20.541666666666668
Thursday  July 18  2013,14.620689655172415
Friday  July 5  2013,12.0
Tuesday  July 2  2013,15.0
Tuesday  June 25  2013,14.514285714285714
Thursday  June 20  2013,13.307692307692308
Tuesday  June 18  2013,16.857142857142858
Sunday  June 16  2013,18.636363636363637
Friday  June 14  2013,13.714285714285714
Sunday  June 9  2013,16.88888888888889
Saturday  June 8  2013,14.363636363636363
Friday  June 7  2013,15.0
Friday  June 7  2013,15.0
Thursday  June 6  2013,14.923076923076923
Wednesday  June 5  2013,16.26086956521739
Monday  June 3  2013,14.047619047619047
Tuesday  May 28  2013,18.791666666666668
Thursday  May 23  2013,19.166666666666668
Friday  May 17  2013,12.5
Thursday  May 9  2013,15.26086956521739
Wednesday  May 8  2013,12.588235294117647
Saturday  May 4  2013,14.285714285714286
Wednesday  May 1  2013,18.416666666666668
Tuesday  April 30  2013,16.23076923076923
Sunday  April 28  2013,15.625
Monday  April 22  2013,19.037037037037038
Sunday  April 21  2013,17.208333333333332
Friday  April 19  2013,19.8
Thursday  April 18  2013,14.481481481481481
Saturday  April 13  2013,26.833333333333332
Friday  April 12  2013,16.23076923076923
Wednesday  April 10  2013,17.3125
Tuesday  April 9  2013,15.512820512820513
Saturday  March 30  2013,15.227272727272727
Tuesday  March 26  2013,14.068965517241379
Saturday  March 23  2013,21.047619047619047
Wednesday  March 20  2013,18.227272727272727
Saturday  March 16  2013,11.153846153846153
Thursday  March 14  2013,12.447368421052632
Friday  March 8  2013,18.833333333333332
Thursday  March 7  2013,15.84375
Tuesday  March 5  2013,15.26086956521739
Monday  March 4  2013,16.137931034482758
Thursday  February 28  2013,15.0
Tuesday  February 26  2013,13.944444444444445
Friday  February 22  2013,13.025
Friday  February 15  2013,24.142857142857142
Wednesday  February 13  2013,20.214285714285715
Saturday  February 9  2013,11.85
Wednesday  February 6  2013,21.88235294117647
Friday  February 1  2013,16.0
Wednesday  January 30  2013,15.91304347826087
Wednesday  January 23  2013,11.272727272727273
Thursday  January 17  2013,12.12
Friday  January 11  2013,13.941176470588236
Thursday  January 10  2013,16.545454545454547
Tuesday  January 8  2013,17.153846153846153
Tuesday  December 25  2012,13.633333333333333
Sunday  December 23  2012,16.344827586206897
Wednesday  December 12  2012,22.416666666666668
Tuesday  December 11  2012,15.9
Thursday  November 29  2012,15.666666666666666
Wednesday  November 28  2012,15.75
Monday  November 26  2012,14.58974358974359
Wednesday  November 7  2012,20.58823529411765
Tuesday  November 6  2012,10.875
Wednesday  October 31  2012,19.733333333333334
Saturday  October 20  2012,24.125
Sunday  October 14  2012,14.818181818181818
Saturday  October 13  2012,13.45945945945946
Thursday  October 11  2012,19.63157894736842
Wednesday  October 10  2012,14.9375
Saturday  October 6  2012,22.8125
Friday  October 5  2012,19.238095238095237
Thursday  October 4  2012,18.357142857142858
Wednesday  October 3  2012,16.0
Monday  September 24  2012,22.928571428571427
Friday  September 21  2012,15.217391304347826
Wednesday  September 19  2012,19.166666666666668
Thursday  September 13  2012,19.925925925925927
Saturday  September 8  2012,16.5
Friday  September 7  2012,15.357142857142858
Monday  September 3  2012,16.03448275862069
Thursday  August 30  2012,16.387096774193548
Tuesday  August 28  2012,16.3
Sunday  August 19  2012,12.238095238095237
Thursday  August 16  2012,15.4
Tuesday  August 7  2012,15.095238095238095
Monday  August 6  2012,12.80952380952381
Friday  August 3  2012,13.470588235294118
Wednesday  August 1  2012,21.45
Monday  July 30  2012,14.375
Saturday  July 28  2012,18.75
Saturday  July 14  2012,14.67741935483871
Friday  June 29  2012,12.588235294117647
Tuesday  June 19  2012,18.76923076923077
Friday  June 15  2012,17.17241379310345
Wednesday  June 13  2012,16.434782608695652
Wednesday  June 6  2012,13.777777777777779
Sunday  June 3  2012,15.75
Thursday  May 17  2012,13.565217391304348
Saturday  May 12  2012,13.826086956521738
Friday  May 11  2012,14.0
Thursday  May 10  2012,15.878787878787879
Sunday  May 6  2012,15.870967741935484
Wednesday  May 2  2012,15.961538461538462
Monday  April 30  2012,19.571428571428573
Saturday  April 28  2012,13.5
Tuesday  April 24  2012,15.241379310344827
Saturday  April 7  2012,15.282051282051283
Saturday  March 31  2012,16.647058823529413
Thursday  March 29  2012,9.833333333333334
Monday  March 26  2012,17.692307692307693
Monday  March 19  2012,23.625
Tuesday  March 13  2012,19.384615384615383
Monday  March 12  2012,16.36842105263158
Sunday  March 11  2012,14.818181818181818
Saturday  March 3  2012,13.9
Monday  February 27  2012,23.89189189189189
Sunday  February 26  2012,19.7
Saturday  February 25  2012,16.133333333333333
Monday  February 20  2012,15.944444444444445
Friday  February 17  2012,16.25
Monday  February 13  2012,22.615384615384617
Friday  February 10  2012,16.25
Sunday  February 5  2012,14.586206896551724
Saturday  February 4  2012,12.166666666666666
Thursday  February 2  2012,11.555555555555555
Wednesday  February 1  2012,11.631578947368421
Sunday  January 22  2012,13.166666666666666
Wednesday  January 18  2012,13.875
Monday  January 16  2012,20.125
Sunday  January 15  2012,16.48
Saturday  January 14  2012,15.090909090909092
Thursday  January 12  2012,12.789473684210526
Monday  January 9  2012,15.714285714285714
Saturday  January 7  2012,17.771428571428572
Tuesday  December 27  2011,13.926829268292684
Friday  December 23  2011,11.227272727272727
Tuesday  December 20  2011,15.444444444444445
Thursday  December 15  2011,12.472222222222221
Friday  December 9  2011,20.428571428571427
Friday  December 9  2011,20.428571428571427
Thursday  December 8  2011,17.05
Wednesday  December 7  2011,17.61764705882353
Sunday  December 4  2011,17.666666666666668
Friday  December 2  2011,13.176470588235293
Tuesday  November 29  2011,16.785714285714285
Friday  November 25  2011,19.11111111111111
Tuesday  November 22  2011,14.85
Saturday  November 19  2011,14.76923076923077
Sunday  November 13  2011,15.84375
Sunday  November 6  2011,14.9
Tuesday  November 1  2011,17.166666666666668
Friday  October 28  2011,13.941176470588236
Wednesday  October 26  2011,24.77777777777778
Monday  October 24  2011,14.625
Friday  October 21  2011,12.65625
Monday  October 17  2011,15.733333333333333
Sunday  October 16  2011,17.037037037037038
Tuesday  October 11  2011,14.692307692307692
Wednesday  October 5  2011,15.135135135135135
Friday  September 23  2011,12.621621621621621
Tuesday  September 13  2011,16.125
Friday  September 9  2011,20.48
Monday  September 5  2011,20.285714285714285
Monday  August 29  2011,18.6
Sunday  August 7  2011,18.384615384615383
Saturday  August 6  2011,17.318181818181817
Tuesday  July 26  2011,14.375
Sunday  July 24  2011,15.12280701754386
Tuesday  July 19  2011,13.0
Friday  July 15  2011,15.75
Thursday  July 14  2011,23.3
Tuesday  July 12  2011,14.257142857142858
Saturday  July 9  2011,15.133333333333333
Friday  July 8  2011,14.92
Saturday  July 2  2011,11.894736842105264
Thursday  June 30  2011,13.65
Monday  June 27  2011,15.931034482758621
Saturday  June 25  2011,15.85
Monday  June 20  2011,14.842105263157896
Thursday  June 16  2011,22.142857142857142
Tuesday  June 14  2011,14.555555555555555
Monday  June 13  2011,15.619047619047619
Sunday  June 12  2011,14.766666666666667
Saturday  May 28  2011,11.25
Friday  May 27  2011,20.714285714285715
Friday  May 20  2011,14.703703703703704
Tuesday  May 10  2011,10.782608695652174
Monday  May 2  2011,2.0
Sunday  May 1  2011,14.0
Thursday  April 28  2011,21.47826086956522
Tuesday  April 26  2011,17.944444444444443
Monday  April 25  2011,14.26086956521739
Wednesday  April 20  2011,13.923076923076923
Tuesday  April 12  2011,14.6
Friday  March 18  2011,17.91304347826087
Wednesday  March 16  2011,15.620689655172415
Tuesday  March 15  2011,20.0
Thursday  March 3  2011,29.833333333333332
Friday  February 18  2011,19.54054054054054
Tuesday  February 8  2011,12.826086956521738
Sunday  February 6  2011,15.75
Friday  February 4  2011,14.487804878048781
Sunday  January 30  2011,17.379310344827587
Saturday  January 29  2011,16.25
Wednesday  January 19  2011,12.617647058823529
Monday  January 17  2011,11.853658536585366
Sunday  January 9  2011,16.676470588235293
Friday  October 1  2010,17.37837837837838
Tuesday  September 28  2010,16.943396226415093
Monday  September 20  2010,21.757575757575758
Thursday  September 16  2010,15.382352941176471
Wednesday  September 1  2010,14.5
Thursday  August 5  2010,17.214285714285715
Saturday  July 24  2010,21.818181818181817
Thursday  July 22  2010,17.136363636363637
Wednesday  July 21  2010,23.82758620689655
Thursday  July 15  2010,16.318181818181817
Friday  July 9  2010,16.657894736842106
Sunday  June 27  2010,17.755555555555556
Tuesday  June 22  2010,17.785714285714285
Saturday  June 19  2010,13.416666666666666
Sunday  June 13  2010,17.375
Wednesday  June 9  2010,15.784313725490197
Thursday  June 3  2010,15.458333333333334
Monday  May 31  2010,19.666666666666668
Thursday  May 27  2010,12.682926829268293
Saturday  May 15  2010,17.195652173913043
Sunday  May 9  2010,13.941176470588236
Wednesday  May 5  2010,14.782608695652174
Saturday  April 24  2010,15.5
Friday  April 9  2010,15.387096774193548
Saturday  April 3  2010,14.821428571428571
Sunday  March 21  2010,16.076923076923077
Friday  March 19  2010,14.470588235294118
Monday  March 15  2010,21.11111111111111
Thursday  March 11  2010,10.178571428571429
Monday  March 8  2010,12.095238095238095
Sunday  March 7  2010,14.185185185185185
Tuesday  February 16  2010,30.3125
Sunday  February 14  2010,17.902439024390244
Saturday  February 6  2010,18.857142857142858
Monday  January 25  2010,17.095238095238095
Monday  January 18  2010,14.23913043478261
Wednesday  January 6  2010,15.555555555555555
Saturday  November 7  2009,17.157894736842106
Wednesday  September 16  2009,15.5
Thursday  September 3  2009,15.76923076923077
Friday  August 21  2009,13.32258064516129
Friday  July 17  2009,13.214285714285714
Thursday  June 25  2009,16.0
Friday  June 19  2009,13.153846153846153
Friday  June 19  2009,13.153846153846153
Wednesday  June 17  2009,17.476190476190474
Tuesday  June 16  2009,15.066666666666666
Wednesday  June 10  2009,18.764705882352942
Thursday  June 4  2009,15.7
Thursday  June 4  2009,15.7
Saturday  May 30  2009,12.933333333333334
Thursday  May 28  2009,15.592592592592593
Monday  May 25  2009,2.0
